strategy,trades,wins,losses,ties,win_rate_pct,roi_pct,final_balance,max_drawdown_pct
29_mtf_confluence,206,125,75,6,60.68,31.25,131.25,-6.34
26_head_shoulders_short,148,81,64,3,54.73,4.85,104.85,-13.9
20_volatility_spike_reversion,27,15,9,3,55.56,3.75,103.75,-3.25
27_ichimoku_simplified,11,7,4,0,63.64,1.95,101.95,-1.97
22_bollinger_rsi_combo,88,48,40,0,54.55,0.8,100.8,-14.65
30_dynamic_sr_sma,134,72,61,1,53.73,0.2,100.2,-10.25
28_structure_hh_hl,2,1,1,0,50.0,-0.15,99.85,-1.0
18_doji_exhaustion,45,24,21,0,53.33,-0.6,99.4,-6.94
25_keltner_reversion,72,37,33,2,51.39,-1.55,98.45,-9.33
19_linreg_channel_short,17,8,9,0,47.06,-2.2,97.8,-5.36
21_ema_cross_9_21,102,53,49,0,51.96,-3.95,96.05,-7.73
23_daily_sr_breakout,23,10,13,0,43.48,-4.5,95.5,-5.35
08_fibonacci_intrabar,226,110,111,5,48.67,-17.5,82.5,-27.73
12_round_numbers,304,140,148,16,46.05,-29.0,71.0,-31.7
16_adx_psar,351,167,175,9,47.58,-33.05,66.95,-35.85
17_vwap_reversion,616,297,292,27,48.21,-39.55,60.45,-43.32
05_stochastic_fast,618,302,299,17,48.87,-42.3,57.7,-49.6
02_ema_cross_fast,956,474,450,32,49.58,-47.1,52.9,-50.02
15_volume_spike,282,116,148,18,41.13,-49.4,50.6,-52.49
24_trend_adx_pullback_ema,333,151,182,0,45.35,-53.65,46.35,-54.29
14_inside_bar_breakout,712,338,350,24,47.47,-62.7,37.3,-71.77
04_rsi2_extreme,796,373,382,41,46.86,-64.95,35.05,-65.85
01_bollinger_reversal,1073,521,513,39,48.56,-70.15,29.85,-87.69
07_engulfing_sr,685,305,348,32,44.53,-88.75,11.25,-91.3
13_cci_extreme,1183,565,576,42,47.76,-95.75,4.25,-98.31
11_macd_momentum_fast,1560,749,774,37,48.01,-137.35,-37.35,-139.59
03_pinbar_sr,1970,943,958,69,47.87,-156.45,-56.45,-159.23
10_three_soldiers_crows,1734,812,881,41,46.83,-190.8,-90.8,-195.18
06_donchian_breakout_short,1872,862,971,39,46.05,-238.3,-138.3,-229.72
09_trendline_shortterm,4719,2198,2278,243,46.58,-409.7,-309.7,-406.64
